{
    "name": "root",
    "gauges": {
        "GraduTest.Policy.Entropy.mean": {
            "value": 1.1606998443603516,
            "min": 1.1606998443603516,
            "max": 1.1606998443603516,
            "count": 1
        },
        "GraduTest.Policy.Entropy.sum": {
            "value": 445.708740234375,
            "min": 445.708740234375,
            "max": 445.708740234375,
            "count": 1
        },
        "GraduTest.Step.mean": {
            "value": 9895.0,
            "min": 9895.0,
            "max": 9895.0,
            "count": 1
        },
        "GraduTest.Step.sum": {
            "value": 9895.0,
            "min": 9895.0,
            "max": 9895.0,
            "count": 1
        },
        "GraduTest.Policy.ExtrinsicValue.mean": {
            "value": -4.943029403686523,
            "min": -4.943029403686523,
            "max": -4.943029403686523,
            "count": 1
        },
        "GraduTest.Policy.ExtrinsicValue.sum": {
            "value": -9.886058807373047,
            "min": -9.886058807373047,
            "max": -9.886058807373047,
            "count": 1
        },
        "GraduTest.IsTraining.mean": {
            "value": 1.0,
            "min": 1.0,
            "max": 1.0,
            "count": 1
        },
        "GraduTest.IsTraining.sum": {
            "value": 1.0,
            "min": 1.0,
            "max": 1.0,
            "count": 1
        }
    },
    "metadata": {
        "timer_format_version": "0.1.0",
        "start_time_seconds": "1660545606",
        "python_version": "3.8.10 (tags/v3.8.10:3d8993a, May  3 2021, 11:48:03) [MSC v.1928 64 bit (AMD64)]",
        "command_line_arguments": "C:\\Users\\ebaep\\UnityProjects\\GraduTest\\testEnv\\graduEnv\\Scripts\\mlagents-learn testEnv/graduEnv/Scripts/config/gradutest_config.yaml --run-id=GraduTestStage2 --resume",
        "mlagents_version": "0.27.0",
        "mlagents_envs_version": "0.27.0",
        "communication_protocol_version": "1.5.0",
        "pytorch_version": "1.7.1+cu110",
        "numpy_version": "1.23.1",
        "end_time_seconds": "1660545640"
    },
    "total": 34.0242483,
    "count": 1,
    "self": 0.005172399999992194,
    "children": {
        "run_training.setup": {
            "total": 0.19203919999999997,
            "count": 1,
            "self": 0.19203919999999997
        },
        "TrainerController.start_learning": {
            "total": 33.8270367,
            "count": 1,
            "self": 0.0400433000000433,
            "children": {
                "TrainerController._reset_env": {
                    "total": 8.7750921,
                    "count": 1,
                    "self": 8.7750921
                },
                "TrainerController.advance": {
                    "total": 24.80986779999996,
                    "count": 2637,
                    "self": 0.03523629999992295,
                    "children": {
                        "env_step": {
                            "total": 24.522533599999836,
                            "count": 2637,
                            "self": 18.673412899999725,
                            "children": {
                                "SubprocessEnvManager._take_step": {
                                    "total": 5.8237860000000765,
                                    "count": 2637,
                                    "self": 0.09976870000005533,
                                    "children": {
                                        "TorchPolicy.evaluate": {
                                            "total": 5.724017300000021,
                                            "count": 2637,
                                            "self": 1.962438400000078,
                                            "children": {
                                                "TorchPolicy.sample_actions": {
                                                    "total": 3.761578899999943,
                                                    "count": 2637,
                                                    "self": 3.761578899999943
                                                }
                                            }
                                        }
                                    }
                                },
                                "workers": {
                                    "total": 0.025334700000033905,
                                    "count": 2636,
                                    "self": 0.0,
                                    "children": {
                                        "worker_root": {
                                            "total": 27.860334300000027,
                                            "count": 2636,
                                            "is_parallel": true,
                                            "self": 11.192215499999914,
                                            "children": {
                                                "steps_from_proto": {
                                                    "total": 0.0005434000000006378,
                                                    "count": 1,
                                                    "is_parallel": true,
                                                    "self": 0.00025850000000193774,
                                                    "children": {
                                                        "_process_rank_one_or_two_observation": {
                                                            "total": 0.0002848999999987001,
                                                            "count": 4,
                                                            "is_parallel": true,
                                                            "self": 0.0002848999999987001
                                                        }
                                                    }
                                                },
                                                "UnityEnvironment.step": {
                                                    "total": 16.66757540000011,
                                                    "count": 2636,
                                                    "is_parallel": true,
                                                    "self": 0.17999209999993226,
                                                    "children": {
                                                        "UnityEnvironment._generate_step_input": {
                                                            "total": 0.14721099999996667,
                                                            "count": 2636,
                                                            "is_parallel": true,
                                                            "self": 0.14721099999996667
                                                        },
                                                        "communicator.exchange": {
                                                            "total": 15.707710800000134,
                                                            "count": 2636,
                                                            "is_parallel": true,
                                                            "self": 15.707710800000134
                                                        },
                                                        "steps_from_proto": {
                                                            "total": 0.6326615000000775,
                                                            "count": 2636,
                                                            "is_parallel": true,
                                                            "self": 0.3522307000001348,