{
    "name": "root",
    "gauges": {
        "GraduTest.Policy.Entropy.mean": {
            "value": 1.0807881355285645,
            "min": 1.0807881355285645,
            "max": 1.0807881355285645,
            "count": 1
        },
        "GraduTest.Policy.Entropy.sum": {
            "value": 7945.9541015625,
            "min": 7945.9541015625,
            "max": 7945.9541015625,
            "count": 1
        },
        "GraduTest.Step.mean": {
            "value": 79896.0,
            "min": 79896.0,
            "max": 79896.0,
            "count": 1
        },
        "GraduTest.Step.sum": {
            "value": 79896.0,
            "min": 79896.0,
            "max": 79896.0,
            "count": 1
        },
        "GraduTest.Policy.ExtrinsicValue.mean": {
            "value": 2.02293062210083,
            "min": 2.02293062210083,
            "max": 2.02293062210083,
            "count": 1
        },
        "GraduTest.Policy.ExtrinsicValue.sum": {
            "value": 123.39877319335938,
            "min": 123.39877319335938,
            "max": 123.39877319335938,
            "count": 1
        },
        "GraduTest.Losses.PolicyLoss.mean": {
            "value": -3.2535975703983198,
            "min": -3.2535975703983198,
            "max": -3.2535975703983198,
            "count": 1
        },
        "GraduTest.Losses.PolicyLoss.sum": {
            "value": -13743.196137362502,
            "min": -13743.196137362502,
            "max": -13743.196137362502,
            "count": 1
        },
        "GraduTest.Losses.ValueLoss.mean": {
            "value": 0.0008982413967491173,
            "min": 0.0008982413967491173,
            "max": 0.0008982413967491173,
            "count": 1
        },
        "GraduTest.Losses.ValueLoss.sum": {
            "value": 3.7941716598682715,
            "min": 3.7941716598682715,
            "max": 3.7941716598682715,
            "count": 1
        },
        "GraduTest.Losses.Q1Loss.mean": {
            "value": 0.001140002872868761,
            "min": 0.001140002872868761,
            "max": 0.001140002872868761,
            "count": 1
        },
        "GraduTest.Losses.Q1Loss.sum": {
            "value": 4.815372134997647,
            "min": 4.815372134997647,
            "max": 4.815372134997647,
            "count": 1
        },
        "GraduTest.Losses.Q2Loss.mean": {
            "value": 0.0013071103452973463,
            "min": 0.0013071103452973463,
            "max": 0.0013071103452973463,
            "count": 1
        },
        "GraduTest.Losses.Q2Loss.sum": {
            "value": 5.521234098535991,
            "min": 5.521234098535991,
            "max": 5.521234098535991,
            "count": 1
        },
        "GraduTest.Policy.DiscreteEntropyCoeff.mean": {
            "value": 0.1651495688820528,
            "min": 0.1651495688820528,
            "max": 0.1651495688820528,
            "count": 1
        },
        "GraduTest.Policy.DiscreteEntropyCoeff.sum": {
            "value": 697.591778957791,
            "min": 697.591778957791,
            "max": 697.591778957791,
            "count": 1
        },
        "GraduTest.Policy.ContinuousEntropyCoeff.mean": {
            "value": 0.30000001192092896,
            "min": 0.30000001192092896,
            "max": 0.30000001192092896,
            "count": 1
        },
        "GraduTest.Policy.ContinuousEntropyCoeff.sum": {
            "value": 1267.200050354004,
            "min": 1267.200050354004,
            "max": 1267.200050354004,
            "count": 1
        },
        "GraduTest.Policy.LearningRate.mean": {
            "value": 0.00020000000000000006,
            "min": 0.00020000000000000006,
            "max": 0.00020000000000000006,
            "count": 1
        },
        "GraduTest.Policy.LearningRate.sum": {
            "value": 0.8448000000000002,
            "min": 0.8448000000000002,
            "max": 0.8448000000000002,
            "count": 1
        },
        "GraduTest.Environment.EpisodeLength.mean": {
            "value": 738.4285714285714,
            "min": 738.4285714285714,
            "max": 738.4285714285714,
            "count": 1
        },
        "GraduTest.Environment.EpisodeLength.sum": {
            "value": 5169.0,
            "min": 5169.0,
            "max": 5169.0,
            "count": 1
        },
        "GraduTest.Environment.CumulativeReward.mean": {
            "value": -76.99127963611058,
            "min": -76.99127963611058,
            "max": -76.99127963611058,
            "count": 1
        },
        "GraduTest.Environment.CumulativeReward.sum": {
            "value": -538.938957452774,
            "min": -538.938957452774,
            "max": -538.938957452774,
            "count": 1
        },
        "GraduTest.Policy.ExtrinsicReward.mean": {
            "value": -76.99127963611058,
            "min": -76.99127963611058,
            "max": -76.99127963611058,
            "count": 1
        },
        "GraduTest.Policy.ExtrinsicReward.sum": {
            "value": -538.938957452774,
            "min": -538.938957452774,
            "max": -538.938957452774,
            "count": 1
        },
        "GraduTest.IsTraining.mean": {
            "value": 1.0,
            "min": 1.0,
            "max": 1.0,
            "count": 1
        },
        "GraduTest.IsTraining.sum": {
            "value": 1.0,
            "min": 1.0,
            "max": 1.0,
            "count": 1
        }
    },
    "metadata": {
        "timer_format_version": "0.1.0",
        "start_time_seconds": "1660310983",
        "python_version": "3.8.10 (tags/v3.8.10:3d8993a, May  3 2021, 11:48:03) [MSC v.1928 64 bit (AMD64)]",
        "command_line_arguments": "C:\\Users\\ebaep\\UnityProjects\\GraduTest\\testEnv\\graduEnv\\Scripts\\mlagents-learn testEnv/graduEnv/Scripts/config/gradutest_config.yaml --run-id=GraduTest --resume",
        "mlagents_version": "0.27.0",
        "mlagents_envs_version": "0.27.0",
        "communication_protocol_version": "1.5.0",
        "pytorch_version": "1.7.1+cu110",
        "numpy_version": "1.23.1",
        "end_time_seconds": "1660311275"
    },
    "total": 292.0778663,
    "count": 1,
    "self": 0.004538900000000012,
    "children": {
        "run_training.setup": {
            "total": 0.13125920000000002,
            "count": 1,
            "self": 0.13125920000000002
        },
        "TrainerController.start_learning": {
            "total": 291.9420682,
            "count": 1,
            "self": 0.17848150000025953,
            "children": {
                "TrainerController._reset_env": {
                    "total": 6.1727852,
                    "count": 1,
                    "self": 6.1727852
                },
                "TrainerController.advance": {
                    "total": 285.4586643999997,
                    "count": 13376,
                    "self": 0.15596759999863252,
                    "children": {
                        "env_step": {
                            "total": 119.16491260000066,
                            "count": 13376,
                            "self": 90.31962419999992,
                            "children": {
                                "SubprocessEnvManager._take_step": {
                                    "total": 28.726304500000975,
                                    "count": 13376,
                                    "self": 0.44967789999851604,
                                    "children": {
                                        "TorchPolicy.evaluate": {
                                            "total": 28.27662660000246,
                                            "count": 13369,
                                            "self": 12.58310240000186,
                                            "children": {
                                                "TorchPolicy.sample_actions": {
                                                    "total": 15.6935242000006,